,Unnamed: 0,mrt_mult,int_adj,sur_mult,PVFP
0,0,0.9,-0.05,0.75,620164.4153013483
1,1,0.9,-0.04,0.75,569881.5828958018
2,2,0.9,-0.03,0.75,524720.5017512483
3,3,0.9,-0.020000000000000004,0.75,484064.95468007383
4,4,0.9,-0.010000000000000002,0.75,447381.60424951656
5,5,0.9,0.0,0.75,414207.85432285094
6,6,0.9,0.009999999999999995,0.75,384141.6183139437
7,7,0.9,0.020000000000000004,0.75,356832.6760949895
8,8,0.9,0.03,0.75,331975.3574448216
9,9,0.9,0.04,0.75,309302.3355498846
10,10,0.9,0.05,0.75,288579.3513613414
11,11,0.92,-0.05,0.75,610419.8930207142
12,12,0.92,-0.04,0.75,560917.5742128178
13,13,0.92,-0.03,0.75,516451.8047551114
14,14,0.92,-0.020000000000000004,0.75,476417.0600155263
15,15,0.92,-0.010000000000000002,0.75,440289.2156860505
16,16,0.92,0.0,0.75,407613.6304317403
17,17,0.92,0.009999999999999995,0.75,377995.0999910982
18,18,0.92,0.020000000000000004,0.75,351089.3706191757
19,19,0.92,0.03,0.75,326595.9546556089
20,20,0.92,0.04,0.75,304252.0357642393
21,21,0.92,0.05,0.75,283827.28798044904
22,22,0.94,-0.05,0.75,600679.976168966
23,23,0.94,-0.04,0.75,551957.6843468411
24,24,0.94,-0.03,0.75,508186.7989898191
25,25,0.94,-0.020000000000000004,0.75,468772.48013804655
26,26,0.94,-0.010000000000000002,0.75,433199.8098621386
27,27,0.94,0.0,0.75,401022.09584486
28,28,0.94,0.009999999999999995,0.75,371851.0111807487
29,29,0.94,0.020000000000000004,0.75,345348.2642316719
30,30,0.94,0.03,0.75,321218.54621132236
31,31,0.94,0.04,0.75,299203.54807655275
32,32,0.94,0.05,0.75,279076.87419161585
33,33,0.96,-0.05,0.75,590944.662204298
34,34,0.96,-0.04,0.75,543001.9110517936
35,35,0.96,-0.03,0.75,499925.48246714467
36,36,0.96,-0.020000000000000004,0.75,461131.2132846253
37,37,0.96,-0.010000000000000002,0.75,426113.3852118244
38,38,0.96,0.0,0.75,394433.2491689575
39,39,0.96,0.009999999999999995,0.75,365709.35064125655
40,40,0.96,0.020000000000000004,0.75,339609.35582415806
41,41,0.96,0.03,0.75,315843.1311210624
42,42,0.96,0.04,0.75,294156.8715995066
43,43,0.96,0.05,0.75,274328.1091990402
44,44,0.98,-0.05,0.75,581213.9485863898
45,45,0.98,-0.04,0.75,534050.2520829033
46,46,0.98,-0.03,0.75,491667.85320000775
47,47,0.98,-0.020000000000000004,0.75,453493.2576932626
48,48,0.98,-0.010000000000000002,0.75,419029.9401700434
49,49,0.98,0.0,0.75,387847.089011568
50,50,0.98,0.009999999999999995,0.75,359570.1171316808
51,51,0.98,0.020000000000000004,0.75,333872.6442889329
52,52,0.98,0.03,0.75,310469.7083944773
53,53,0.98,0.04,0.75,289112.0054462699
54,54,0.98,0.05,0.75,269580.99220735393
55,55,1.0,-0.05,0.75,571487.8327764075
56,56,1.0,-0.04,0.75,525102.7051967006
57,57,1.0,-0.03,0.75,483413.9092024756
58,58,1.0,-0.020000000000000004,0.75,445858.6116029711
59,59,1.0,-0.010000000000000002,0.75,411949.4731726229
60,60,1.0,0.0,0.75,381263.6139810138
61,61,1.0,0.009999999999999995,0.75,353433.3094117772
62,62,1.0,0.020000000000000004,0.75,328138.128518912
63,63,1.0,0.03,0.75,305098.27704176435
64,64,1.0,0.04,0.75,284068.94873049896
65,65,1.0,0.05,0.75,264835.52242162265
66,66,1.02,-0.05,0.75,561766.3122370011
67,67,1.02,-0.04,0.75,516159.2681510218
68,68,1.02,-0.03,0.75,475163.6484897623
69,69,1.02,-0.020000000000000004,0.75,438227.2732537713
70,70,1.02,-0.010000000000000002,0.75,404871.98265628034
71,71,1.02,0.0,0.75,374682.8226864052
72,72,1.02,0.009999999999999995,0.75,347298.92624199804
73,73,1.02,0.020000000000000004,0.75,322405.8074076288
74,74,1.02,0.03,0.75,299728.83607366803
75,75,1.02,0.04,0.75,279027.7005663369
76,76,1.02,0.05,0.75,260091.69904734558
77,77,1.04,-0.05,0.75,552049.384432305
78,78,1.04,-0.04,0.75,507219.93870500405
79,79,1.04,-0.03,0.75,466917.06907822686
80,80,1.04,-0.020000000000000004,0.75,430599.24088669405
81,81,1.04,-0.010000000000000002,0.75,397797.46705862397
82,82,1.04,0.0,0.75,368104.71373763867
83,83,1.04,0.009999999999999995,0.75,341166.9663834917
84,84,1.04,0.020000000000000004,0.75,316675.679849233
85,85,1.04,0.03,0.75,294361.38450148056
86,86,1.04,0.04,0.75,273988.26006841357
87,87,1.04,0.05,0.75,255349.5212904545
88,88,1.06,-0.05,0.75,542337.0468279363
89,89,1.06,-0.04,0.75,498284.7146190878
90,90,1.06,-0.03,0.75,458674.1689853743
91,91,1.06,-0.020000000000000004,0.75,422974.5127437788
92,92,1.06,-0.010000000000000002,0.75,390725.9248181522
93,93,1.06,0.0,0.75,361529.2857453972
94,94,1.06,0.009999999999999995,0.75,335037.4285981028
95,95,1.06,0.020000000000000004,0.75,310947.7447384918
96,96,1.06,0.03,0.75,288995.9213370414
97,97,1.06,0.04,0.75,268950.626351845
98,98,1.06,0.05,0.75,250608.9883573145
99,99,1.08,-0.05,0.75,532629.2968909942
100,100,1.08,-0.04,0.75,489353.5936550139
101,101,1.08,-0.03,0.75,450434.94622985384
102,102,1.08,-0.020000000000000004,0.75,415353.0870680724
103,103,1.08,-0.010000000000000002,0.75,383657.35437425226
104,104,1.08,0.0,0.75,354956.53732114955
105,105,1.08,0.009999999999999995,0.75,328910.3116483709
106,106,1.08,0.020000000000000004,0.75,305222.00097078783
107,107,1.08,0.03,0.75,283632.44559273694
108,108,1.08,0.04,0.75,263914.7985322332
109,109,1.08,0.05,0.75,245870.0994547231
110,110,1.1,-0.05,0.75,522926.13209005864
111,111,1.1,-0.04,0.75,480426.5735758247
112,112,1.1,-0.03,0.75,442199.3988314577
113,113,1.1,-0.020000000000000004,0.75,407734.9621036298
114,114,1.1,-0.010000000000000002,0.75,376591.7541672003
115,115,1.1,0.0,0.75,348386.4670771493
116,116,1.1,0.009999999999999995,0.75,322785.6142975302
117,117,1.1,0.020000000000000004,0.75,299498.4474421199
118,118,1.1,0.03,0.75,278270.95628150005
119,119,1.1,0.04,0.75,258880.7757256665
120,120,1.1,0.05,0.75,241132.8537899102
0,0,0.9,-0.05,0.8,597961.1844507317
1,1,0.9,-0.04,0.8,549753.0694074662
2,2,0.9,-0.03,0.8,506432.411838745
3,3,0.9,-0.020000000000000004,0.8,467412.8418134509
4,4,0.9,-0.010000000000000002,0.8,432186.7061209853
5,5,0.9,0.0,0.8,400313.5550456877
6,6,0.9,0.009999999999999995,0.8,371410.4358194632
7,7,0.9,0.020000000000000004,0.8,345143.6916151629
8,8,0.9,0.03,0.8,321222.01788102346
9,9,0.9,0.04,0.8,299390.57099165925
10,10,0.9,0.05,0.8,279425.9594845023
11,11,0.92,-0.05,0.8,588549.7707952409
12,12,0.92,-0.04,0.8,541088.6121125923
13,13,0.92,-0.03,0.8,498433.67109492724
14,14,0.92,-0.020000000000000004,0.8,460008.7505828491
15,15,0.92,-0.010000000000000002,0.8,425314.9647295149
16,16,0.92,0.0,0.8,393919.4355920341
17,17,0.92,0.009999999999999995,0.8,365445.7629673207
18,18,0.92,0.020000000000000004,0.8,339565.97197425424
19,19,0.92,0.03,0.8,315993.69482099835
20,20,0.92,0.04,0.8,294478.3855567375
21,21,0.92,0.05,0.8,274800.4012356357
22,22,0.94,-0.05,0.8,579142.772728666
23,23,0.94,-0.04,0.8,532428.105376413
24,24,0.94,-0.03,0.8,490438.47218278656
25,25,0.94,-0.020000000000000004,0.8,452607.84124969656
26,26,0.94,-0.010000000000000002,0.8,418446.0876660865
27,27,0.94,0.0,0.8,387527.89974969975
28,28,0.94,0.009999999999999995,0.8,359483.42512671865
29,29,0.94,0.020000000000000004,0.8,333990.36678576877
30,30,0.94,0.03,0.8,310767.2901798587
31,31,0.94,0.04,0.8,289567.94399613474
32,32,0.94,0.05,0.8,270176.43117757584
33,33,0.96,-0.05,0.8,569740.1878156193
34,34,0.96,-0.04,0.8,523771.5470464511
35,35,0.96,-0.03,0.8,482446.8131965576
36,36,0.96,-0.020000000000000004,0.8,445210.1121237497
37,37,0.96,-0.010000000000000002,0.8,411580.07342905534
38,38,0.96,0.0,0.8,381138.94618236006
39,39,0.96,0.009999999999999995,0.8,353523.4211064885
40,40,0.96,0.020000000000000004,0.8,328416.8749861984
41,41,0.96,0.03,0.8,305542.8030065513
42,42,0.96,0.04,0.8,284659.24545801576
43,43,0.96,0.05,0.8,265554.0485461639
44,44,0.98,-0.05,0.8,560342.0136221392
45,45,0.98,-0.04,0.8,515118.93497148226
46,46,0.98,-0.03,0.8,474458.6922315767
47,47,0.98,-0.020000000000000004,0.8,437815.5615157353
48,48,0.98,-0.010000000000000002,0.8,404716.92051763396
49,49,0.98,0.0,0.8,374752.57355444774
50,50,0.98,0.009999999999999995,0.8,347565.74971613113
51,51,0.98,0.020000000000000004,0.8,322845.49551262835
52,52,0.98,0.03,0.8,300320.23235054966
53,53,0.98,0.04,0.8,279752.2890910138
54,54,0.98,0.05,0.8,260933.25257765802
55,55,1.0,-0.05,0.8,550948.2477156897
56,56,1.0,-0.04,0.8,506470.26700153423
57,57,1.0,-0.03,0.8,466474.10738428147
58,58,1.0,-0.020000000000000004,0.8,430424.1877373504
59,59,1.0,-0.010000000000000002,0.8,397856.62743188994
60,60,1.0,0.0,0.8,368368.78053115134
61,61,1.0,0.009999999999999995,0.8,341610.40976581717
62,62,1.0,0.020000000000000004,0.8,317276.2273027372
63,63,1.0,0.03,0.8,295099.57726185396
64,64,1.0,0.04,0.8,274847.0740442298
65,65,1.0,0.05,0.8,256314.04250873296
66,66,1.02,-0.05,0.8,541558.8876651602
67,67,1.02,-0.04,0.8,497825.5409878853
68,68,1.02,-0.03,0.8,458493.05675221
69,69,1.02,-0.020000000000000004,0.8,423035.9891012613
70,70,1.02,-0.010000000000000002,0.8,390999.19267274666
71,71,1.02,0.0,0.8,361987.5657784149
72,72,1.02,0.009999999999999995,0.8,335657.40006638627
73,73,1.02,0.020000000000000004,0.8,311709.06929479627
74,74,1.02,0.03,0.8,289880.8367909905
75,75,1.02,0.04,0.8,269943.5994672329
76,76,1.02,0.05,0.8,251696.41757648022
77,77,1.04,-0.05,0.8,532173.9310408633
78,78,1.04,-0.04,0.8,489184.75478306477
79,79,1.04,-0.03,0.8,450515.5384340001
80,80,1.04,-0.020000000000000004,0.8,415650.9639211033
81,81,1.04,-0.010000000000000002,0.8,384144.61474198214
82,82,1.04,0.0,0.8,355608.9279629393
83,83,1.04,0.009999999999999995,0.8,329706.71942934627
84,84,1.04,0.020000000000000004,0.8,306144.02042766986
85,85,1.04,0.03,0.8,284664.00998901174
86,86,1.04,0.04,0.8,265041.86451005965
87,87,1.04,0.05,0.8,247080.3770184069
88,88,1.06,-0.05,0.8,522793.3754145352
89,89,1.06,-0.04,0.8,480547.906240852
90,90,1.06,-0.03,0.8,442541.55052938906
91,91,1.06,-0.020000000000000004,0.8,408269.11051148
92,92,1.06,-0.010000000000000002,0.8,377292.8921422291
93,93,1.06,0.0,0.8,349232.8657521789
94,94,1.06,0.009999999999999995,0.8,323758.36666687345
95,95,1.06,0.020000000000000004,0.8,300581.0796408145
96,96,1.06,0.03,0.8,279449.09590749565
97,97,1.06,0.04,0.8,260141.8683232138
98,98,1.06,0.05,0.8,242465.9200724363
99,99,1.08,-0.05,0.8,513417.2183593345
100,100,1.08,-0.04,0.8,471914.9932162741
101,101,1.08,-0.03,0.8,434571.0911392125
102,102,1.08,-0.020000000000000004,0.8,400890.42718796345
103,103,1.08,-0.010000000000000002,0.8,370444.02337697375
104,104,1.08,0.0,0.8,342859.37781434384
105,105,1.08,0.009999999999999995,0.8,317812.34059181204
106,106,1.08,0.020000000000000004,0.8,295020.2458742781
107,107,1.08,0.03,0.8,274236.09359854565
108,108,1.08,0.04,0.8,255243.6100576662
109,109,1.08,0.05,0.8,237853.04597690768
110,110,1.1,-0.05,0.8,504045.4574498408
111,111,1.1,-0.04,0.8,463286.0135656079
112,112,1.1,-0.03,0.8,426604.158365404
113,113,1.1,-0.020000000000000004,0.8,393514.9122670915
114,114,1.1,-0.010000000000000002,0.8,363598.0069505564
115,115,1.1,0.0,0.8,336488.4628183976
116,116,1.1,0.009999999999999995,0.8,311868.64001767343
117,117,1.1,0.020000000000000004,0.8,289461.51806870056
118,118,1.1,0.03,0.8,269025.0021147905
119,119,1.1,0.04,0.8,250347.08886485433
120,120,1.1,0.05,0.8,233241.75397057532
0,0,0.9,-0.05,1.1,481135.6408442382
1,1,0.9,-0.05,1.15,464121.86324992974
2,2,0.9,-0.04,1.1,443654.0492193236
3,3,0.9,-0.04,1.15,428171.9822385084
4,4,0.9,-0.03,1.1,409860.490867219
5,5,0.9,-0.03,1.15,395740.7615314083
6,6,0.9,-0.020000000000000004,1.1,379320.418460993
7,7,0.9,-0.020000000000000004,1.15,366414.93787925475
8,8,0.9,-0.010000000000000002,1.1,351656.9205076992
9,9,0.9,-0.010000000000000002,1.15,339835.94358721346
10,10,0.9,0.0,1.1,326542.3636628577
11,11,0.9,0.0,1.15,315691.9872878253
12,12,0.9,0.009999999999999995,1.1,303691.3381419844
13,13,0.9,0.009999999999999995,1.15,293711.3680428336
14,14,0.9,0.020000000000000004,1.1,282854.6901080873
15,15,0.9,0.020000000000000004,1.15,273656.81840416964
16,16,0.9,0.03,1.1,263814.46275607194
17,17,0.9,0.03,1.15,255320.70782361468
18,18,0.9,0.04,1.1,246379.59870086046
19,19,0.9,0.04,1.15,238520.96699045086
20,20,0.9,0.05,1.1,230382.28154229786
21,21,0.9,0.05,1.15,223097.61755830786
22,22,0.92,-0.05,1.1,473466.6163341556
23,23,0.92,-0.05,1.15,456704.8864212354
24,24,0.92,-0.04,1.1,436558.89381660963
25,25,0.92,-0.04,1.15,421304.22906140826
26,26,0.92,-0.03,1.1,403278.2427702921
27,27,0.92,-0.03,1.15,389364.1322071474
28,28,0.92,-0.020000000000000004,1.1,373197.6419301696
29,29,0.92,-0.020000000000000004,1.15,360478.48727374774
30,30,0.92,-0.010000000000000002,1.1,345946.6760079607
31,31,0.92,-0.010000000000000002,1.15,334294.9038555841
32,32,0.92,0.0,1.1,321203.3306967789
33,33,0.92,0.0,1.15,310506.9352306106
34,34,0.92,0.009999999999999995,1.1,298687.0665694523
35,35,0.92,0.009999999999999995,1.15,288847.51427327184
36,36,0.92,0.020000000000000004,1.1,278152.9598150375
37,37,0.92,0.020000000000000004,1.15,269083.3992533164
38,38,0.92,0.03,1.1,259386.73488098246
39,39,0.92,0.03,1.15,251010.4640772632
40,40,0.92,0.04,1.1,242200.54438843078
41,41,0.92,0.04,1.15,234449.69616497122
42,42,0.92,0.05,1.1,226429.3764761046
43,43,0.92,0.05,1.15,219243.78858316803
44,44,0.94,-0.05,1.1,465801.02066157345
45,45,0.94,-0.05,1.15,449291.19678689307
46,46,0.94,-0.04,1.1,429466.81367386604
47,47,0.94,-0.04,1.15,414439.42538315494
48,48,0.94,-0.03,1.1,396698.7586584818
49,49,0.94,-0.03,1.15,382990.15500328375
50,50,0.94,-0.020000000000000004,1.1,367077.3548138453
51,51,0.94,-0.020000000000000004,1.15,354544.42639905313
52,52,0.94,-0.010000000000000002,1.1,340238.67826019786
53,53,0.94,-0.010000000000000002,1.15,328756.0218886585
54,54,0.94,0.0,1.1,315866.3296114475
55,55,0.94,0.0,1.15,305323.835476065
56,56,0.94,0.009999999999999995,1.1,293684.6362573018
57,57,0.94,0.009999999999999995,1.15,283985.4304771635
58,58,0.94,0.020000000000000004,1.1,273452.9013623887
59,59,0.94,0.020000000000000004,1.15,264511.5879742935
60,60,0.94,0.03,1.1,254960.52799351423
61,61,0.94,0.03,1.15,246701.68382046
62,62,0.94,0.04,1.1,238022.8765009357
63,63,0.94,0.04,1.15,230379.75999663453
64,64,0.94,0.05,1.1,222477.73758954566
65,65,0.94,0.05,1.15,215391.1791028435
66,66,0.96,-0.05,1.1,458138.8519462133
67,67,0.96,-0.05,1.15,441880.79254658014
68,68,0.96,-0.04,1.1,422377.8071270989
69,69,0.96,-0.04,1.15,407577.569610151
70,70,0.96,-0.03,1.1,390122.0370565851
71,71,0.96,-0.03,1.15,376618.82850669726
72,72,0.96,-0.020000000000000004,1.1,360959.5558018988
73,73,0.96,-0.020000000000000004,1.15,348612.75399989035
74,74,0.96,-0.010000000000000002,1.1,334532.9260988928
75,75,0.96,-0.010000000000000002,1.15,323219.2965694384
76,76,0.96,0.0,1.1,310531.3593682263
77,77,0.96,0.0,1.15,300142.6870285471
78,78,0.96,0.009999999999999995,1.1,288684.04627841443
79,79,0.96,0.009999999999999995,1.15,279125.1157655491
80,80,0.96,0.020000000000000004,1.1,268754.5139212014
81,81,0.96,0.020000000000000004,1.15,259941.38377207922
82,82,0.96,0.03,1.1,250535.84135130286
83,83,0.96,0.03,1.15,242394.3663410341
84,84,0.96,0.04,1.1,233846.59437247622
85,85,0.96,0.04,1.15,226311.1578464602
86,86,0.96,0.05,1.1,218527.3642843665
87,87,0.96,0.05,1.15,211539.7885431121
88,88,0.98,-0.05,1.1,450480.10830890853
89,89,0.98,-0.05,1.15,434473.67190104094
90,90,0.98,-0.04,1.1,415291.87251329154
91,91,0.98,-0.04,1.15,400718.66014973685
92,92,0.98,-0.03,1.1,383548.0764902578
93,93,0.98,-0.03,1.15,370250.15130509186
94,94,0.98,-0.020000000000000004,1.1,354844.2435849674
95,95,0.98,-0.020000000000000004,1.15,342683.46882170584
96,96,0.98,-0.010000000000000002,1.1,328829.4183591969
97,97,0.98,-0.010000000000000002,1.15,317684.72678156785
98,98,0.98,0.0,1.1,305198.41892907035
99,99,0.98,0.0,1.15,294963.4888929832
100,100,0.98,0.009999999999999995,1.1,283685.2957061961
101,101,0.98,0.009999999999999995,1.15,274266.5692499722
102,102,0.98,0.020000000000000004,1.1,264057.7966630003
103,103,0.98,0.020000000000000004,1.15,255372.785852098
104,104,0.98,0.03,1.1,246112.6742123965
105,105,0.98,0.03,1.15,238088.5109272112
106,106,0.98,0.04,1.1,229671.69733752136
107,107,0.98,0.04,1.15,222243.88907582013
108,108,0.98,0.05,1.1,214578.25596263984
109,109,0.98,0.05,1.15,207689.6163300658
110,110,1.0,-0.05,1.1,442824.78787160345
111,111,1.0,-0.05,1.15,427069.8330520842
112,112,1.0,-0.04,1.1,408209.0081704036
113,113,1.0,-0.04,1.15,393862.6954101889
114,114,1.0,-0.03,1.1,376976.87548601616
115,115,1.0,-0.03,1.15,363884.1219869964
116,116,1.0,-0.020000000000000004,1.1,348731.41685444553
117,117,1.0,-0.020000000000000004,1.15,336756.5696106728
118,118,1.0,-0.010000000000000002,1.1,323128.1538769301
119,119,1.0,-0.010000000000000002,1.15,312152.3114093328
120,120,1.0,0.0,1.1,299867.5072565261
121,121,1.0,0.0,1.15,289786.2400748676
122,122,1.0,0.009999999999999995,1.1,278688.38361457665
123,123,1.0,0.009999999999999995,1.15,269409.7900424794
124,124,1.0,0.020000000000000004,1.1,259362.7487597753
125,125,1.0,0.020000000000000004,1.15,250805.79342022023
126,126,1.0,0.03,1.1,241691.02583525673
127,127,1.0,0.03,1.15,233784.11686761316
128,128,1.0,0.04,1.1,225498.1847309073
129,129,1.0,0.04,1.15,218177.95304643907
130,130,1.0,0.05,1.1,210630.41202676576
131,131,1.0,0.05,1.15,203840.6618901108
132,132,1.02,-0.05,1.1,435172.8887573525
133,133,1.02,-0.05,1.15,419669.27420258365
134,134,1.02,-0.04,1.1,401129.21243737
135,135,1.02,-0.04,1.15,387009.6738007189
136,136,1.02,-0.03,1.1,370408.432571234
137,137,1.02,-0.03,1.15,357520.73914176284
138,138,1.02,-0.020000000000000004,1.1,342621.0743024848
139,139,1.02,-0.020000000000000004,1.15,330832.0551136902
140,140,1.02,-0.010000000000000002,1.1,317429.1314885814
141,141,1.02,-0.010000000000000002,1.15,306622.0493376602
142,142,1.02,0.0,1.1,294538.62331373146
143,143,1.02,0.0,1.15,284610.9395802616
144,144,1.02,0.009999999999999995,1.1,273693.3090780096
145,145,1.02,0.009999999999999995,1.15,264554.7772556196
146,146,1.02,0.020000000000000004,1.1,254669.36938398113
147,147,1.02,0.020000000000000004,1.15,246240.40568276265
148,148,1.02,0.03,1.1,237270.89547875753
149,149,1.02,0.03,1.15,229481.18345125805
150,150,1.02,0.04,1.1,221326.05588783737
151,151,1.02,0.04,1.15,214113.3491203942
152,152,1.02,0.05,1.1,206683.83187947128
153,153,1.02,0.05,1.15,199992.9246499676
154,154,1.04,-0.05,1.1,427524.4090903196
155,155,1.04,-0.05,1.15,412271.99355647655
156,156,1.04,-0.04,1.1,394052.4836541007
157,157,1.04,-0.04,1.15,380159.5937314741
158,158,1.04,-0.03,1.1,363842.7462741442
159,159,1.04,-0.03,1.15,351160.00135956705
160,160,1.04,-0.020000000000000004,1.1,336513.21462199365
161,161,1.04,-0.020000000000000004,1.15,324909.9240783837
162,162,1.04,-0.010000000000000002,1.1,311732.35003130784
163,163,1.04,-0.010000000000000002,1.15,301093.9394521186
164,164,1.04,0.0,1.1,289211.76606441534
165,165,1.04,0.0,1.15,279437.5864157937
166,166,1.04,0.009999999999999995,1.1,268700.0711714716
167,167,1.04,0.009999999999999995,1.15,259701.5300024441
168,168,1.04,0.020000000000000004,1.1,249977.65770853628
169,169,1.04,0.020000000000000004,1.15,241676.6218464872
170,170,1.04,0.03,1.1,232852.28240218532
171,171,1.04,0.03,1.15,225179.70996755996
172,172,1.04,0.04,1.1,217155.31014388194
173,173,1.04,0.04,1.15,210050.07666011507
174,174,1.04,0.05,1.1,202738.51492381052
175,175,1.04,0.05,1.15,196146.40403667022
176,176,1.06,-0.05,1.1,419879.34699577757
177,177,1.06,-0.05,1.15,404877.9893187636
178,178,1.06,-0.04,1.1,386978.8201614809
179,179,1.06,-0.04,1.15,373312.4536135359
180,180,1.06,-0.03,1.1,357279.81512383773
181,181,1.06,-0.03,1.15,344801.9072314065
182,182,1.06,-0.020000000000000004,1.1,330407.83650663664
183,183,1.06,-0.020000000000000004,1.15,318990.1752531037
184,184,1.06,-0.010000000000000002,1.1,306037.8083429341
185,185,1.06,-0.010000000000000002,1.15,295567.9806389166
186,186,1.06,0.0,1.1,283886.9344728969
187,187,1.06,0.0,1.15,274266.17958865897
188,188,1.06,0.009999999999999995,1.1,263708.66897046287
189,189,1.06,0.009999999999999995,1.15,254850.04739650642
190,190,1.06,0.020000000000000004,1.1,245287.61290682372
191,191,1.06,0.020000000000000004,1.15,237114.44111860145
192,192,1.06,0.03,1.1,228435.18586523907
193,193,1.06,0.03,1.15,220879.69570632846
194,194,1.06,0.04,1.1,212985.94683497786
195,195,1.06,0.04,1.15,205988.1350283832
196,196,1.06,0.05,1.1,198794.46056316435
197,197,1.06,0.05,1.15,192301.09947756675
198,198,1.08,-0.05,1.1,412237.70060010755
199,199,1.08,-0.05,1.15,397487.2596955081
200,200,1.08,-0.04,1.1,379908.2203013689
201,201,1.08,-0.04,1.15,366468.25185891974
202,202,1.08,-0.03,1.1,350719.6376502617
203,203,1.08,-0.03,1.15,338446.4553491021
204,204,1.08,-0.020000000000000004,1.1,324304.93865083443
205,205,1.08,-0.020000000000000004,1.15,313072.80738692585
206,206,1.08,-0.010000000000000002,1.1,300345.5052619525
207,207,1.08,-0.010000000000000002,1.15,290044.17178490374
208,208,1.08,0.0,1.1,278564.1275040856
209,209,1.08,0.0,1.15,269096.71810661885
210,210,1.08,0.009999999999999995,1.1,258719.1015510064
211,211,1.08,0.009999999999999995,1.15,250000.3285518615
212,212,1.08,0.020000000000000004,1.1,240599.23415268984
213,213,1.08,0.020000000000000004,1.15,232553.8627067577
214,214,1.08,0.03,1.1,224019.6051280291
215,215,1.08,0.03,1.15,216581.13995776887
216,216,1.08,0.04,1.1,208817.96529742872
217,217,1.08,0.04,1.15,201927.523588332
218,218,1.08,0.05,1.1,194851.6682012398
219,219,1.08,0.05,1.15,188457.01040031863
220,220,1.1,-0.05,1.1,404599.46803079854
221,221,1.1,-0.05,1.15,390099.80289383495
222,222,1.1,-0.04,1.1,372840.6824165968
223,223,1.1,-0.04,1.15,359626.98688057467
224,224,1.1,-0.03,1.1,344162.21238422126
225,225,1.1,-0.03,1.15,332093.6443052956
226,226,1.1,-0.020000000000000004,1.1,318204.5197497627
227,227,1.1,-0.020000000000000004,1.15,307157.8192296505
228,228,1.1,-0.010000000000000002,1.1,294655.4396275222
229,229,1.1,-0.010000000000000002,1.15,284522.5117775687
230,230,1.1,0.0,1.1,273243.3441234812
231,231,1.1,0.0,1.15,263929.20097800076
232,232,1.1,0.009999999999999995,1.1,253731.36798964726
233,233,1.1,0.009999999999999995,1.15,245152.3725830657
234,234,1.1,0.020000000000000004,1.1,235912.52062044467
235,235,1.1,0.020000000000000004,1.15,227994.8858190536
236,236,1.1,0.03,1.1,219605.53945107813
237,237,1.1,0.03,1.15,212284.04201248146
238,238,1.1,0.04,1.1,204651.36486790434
239,239,1.1,0.04,1.15,197868.2417034465
240,240,1.1,0.05,1.1,190910.13724207057
241,241,1.1,0.05,1.15,184614.13623290067
0,0,0.9,-0.05,0.9,556020.4436144261
1,1,0.9,-0.04,0.9,511701.8590644195
2,2,0.9,-0.03,0.9,471833.36303213896
3,3,0.9,-0.020000000000000004,0.9,435884.14899724186
4,4,0.9,-0.010000000000000002,0.9,403394.39237982495
5,5,0.9,0.0,0.9,373964.8972984119
6,6,0.9,0.009999999999999995,0.9,347248.36461972434
7,7,0.9,0.020000000000000004,0.9,322942.011496428
8,8,0.9,0.03,0.9,300781.31995790976
9,9,0.9,0.04,0.9,280534.73076154344
10,10,0.9,0.05,0.9,261999.1303075637
11,11,0.92,-0.05,0.9,547236.677961495
12,12,0.92,-0.04,0.9,503602.2002180266
13,13,0.92,-0.03,0.9,464343.9669502839
14,14,0.92,-0.020000000000000004,0.9,428940.3763065849
15,15,0.92,-0.010000000000000002,0.9,396939.5406187029
16,16,0.92,0.0,0.9,367949.12200560607
17,17,0.92,0.009999999999999995,0.9,341627.7592278036
18,18,0.92,0.020000000000000004,0.9,317677.82104882016
19,19,0.92,0.03,0.9,295839.26783214504
20,20,0.92,0.04,0.9,275884.441013908
21,21,0.92,0.05,0.9,257613.63109099594
22,22,0.94,-0.05,0.9,538456.971124426
23,23,0.94,-0.04,0.9,495506.17560334725
24,24,0.94,-0.03,0.9,456857.83172623906
25,25,0.94,-0.020000000000000004,0.9,421999.5354963696
26,26,0.94,-0.010000000000000002,0.9,390487.33032370725
27,27,0.94,0.0,0.9,361935.73132375034
28,28,0.94,0.009999999999999995,0.9,336009.31085031986
29,29,0.94,0.020000000000000004,0.9,312415.58557497326
30,30,0.94,0.03,0.9,290898.9910012109
31,31,0.94,0.04,0.9,271235.7664836843
32,32,0.94,0.05,0.9,253229.604226385
33,33,0.96,-0.05,0.9,529681.3208681552
34,34,0.96,-0.04,0.9,487413.78324413655
35,35,0.96,-0.03,0.9,449374.9556095324
36,36,0.96,-0.020000000000000004,0.9,415061.6250134141
37,37,0.96,-0.010000000000000002,0.9,384037.7601143578
38,38,0.96,0.0,0.9,355924.7240237971
39,39,0.96,0.009999999999999995,0.9,330393.01839123183
40,40,0.96,0.020000000000000004,0.9,307155.3040958608
41,41,0.96,0.03,0.9,285960.4885891919
42,42,0.96,0.04,0.9,266588.70638596325
43,43,0.96,0.05,0.9,248847.04900926922
44,44,0.98,-0.05,0.9,520909.7249589314
45,45,0.98,-0.04,0.9,479325.02116530354
46,46,0.98,-0.03,0.9,441895.3368507062
47,47,0.98,-0.020000000000000004,0.9,408126.6433054321
48,48,0.98,-0.010000000000000002,0.9,377590.8286109638
49,49,0.98,0.0,0.9,349916.09887739696
50,50,0.98,0.009999999999999995,0.9,324778.88075511635
51,51,0.98,0.020000000000000004,0.9,301896.97563300305
52,52,0.98,0.03,0.9,281023.7597206589
53,53,0.98,0.04,0.9,261943.25993626745
54,54,0.98,0.05,0.9,244465.9647355712
55,55,1.0,-0.05,0.9,512142.1811643165
56,56,1.0,-0.04,0.9,471239.8873929101
57,57,1.0,-0.03,0.9,434418.97370131756
58,58,1.0,-0.020000000000000004,0.9,401194.5888210301
59,59,1.0,-0.010000000000000002,0.9,371146.53443462297
60,60,1.0,0.0,0.9,343909.85465689754
61,61,1.0,0.009999999999999995,0.9,319166.89684716705
62,62,1.0,0.020000000000000004,0.9,296640.59920846764
63,63,1.0,0.03,0.9,276088.80352066853
64,64,1.0,0.04,0.9,257299.42635055192
65,65,1.0,0.05,0.9,240086.3507015991
66,66,1.02,-0.05,0.9,503378.6872531842
67,67,1.02,-0.04,0.9,463158.3799541701
68,68,1.02,-0.03,0.9,426945.864413937
69,69,1.02,-0.020000000000000004,0.9,394265.46000970865
70,70,1.02,-0.010000000000000002,0.9,364704.8762072215
71,71,1.02,0.0,0.9,337905.9901353434
72,72,1.02,0.009999999999999995,0.9,313557.0655731948
73,73,1.02,0.020000000000000004,0.9,291386.1738448696
74,74,1.02,0.03,0.9,271155.6191147631
75,75,1.02,0.04,0.9,252657.20484520282
76,76,1.02,0.05,0.9,235708.20620404455
77,77,1.04,-0.05,0.9,494619.2409957188
78,78,1.04,-0.04,0.9,455080.4968774494
79,79,1.04,-0.03,0.9,419476.0072421482
80,80,1.04,-0.020000000000000004,0.9,387339.25532186
81,81,1.04,-0.010000000000000002,0.9,358265.8525514336
82,82,1.04,0.0,0.9,331904.50408647506
83,83,1.04,0.009999999999999995,0.9,307949.3858396263
84,84,1.04,0.020000000000000004,0.9,286133.69856536994
85,85,1.04,0.03,0.9,266224.2056289698
86,86,1.04,0.04,0.9,248016.59463703822
87,87,1.04,0.05,0.9,231331.53053998397
88,88,1.06,-0.05,0.9,485863.84016341495
89,89,1.06,-0.04,0.9,447006.23619226436
90,90,1.06,-0.03,0.9,412009.4004405471
91,91,1.06,-0.020000000000000004,0.9,380415.9732087695
92,92,1.06,-0.010000000000000002,0.9,351829.4620907209
93,93,1.06,0.0,0.9,325905.39528472954
94,94,1.06,0.009999999999999995,0.9,302343.85655350506
95,95,1.06,0.020000000000000004,0.9,280883.172393676
96,96,1.06,0.03,0.9,261294.56218980113
97,97,1.06,0.04,0.9,243377.5949433072
98,98,1.06,0.05,0.9,226956.3230068773
99,99,1.08,-0.05,0.9,477112.48252907704
100,100,1.08,-0.04,0.9,438935.5959292815
101,101,1.08,-0.03,0.9,404546.042264742
102,102,1.08,-0.020000000000000004,0.9,373495.6121226139
103,103,1.08,-0.010000000000000002,0.9,345395.7034493314
104,104,1.08,0.0,0.9,319908.66250523936
105,105,1.08,0.009999999999999995,0.9,296740.47662249
106,106,1.08,0.020000000000000004,0.9,275634.59435404115
107,107,1.08,0.03,0.9,256366.68792425425
108,108,1.08,0.04,0.9,238740.2049816898
109,109,1.08,0.05,0.9,222582.5829025684
110,110,1.1,-0.05,0.9,468365.1658668181
111,111,1.1,-0.04,0.9,430868.5741203173
112,112,1.1,-0.03,0.9,397085.9309713522
113,113,1.1,-0.020000000000000004,0.9,366578.170516461
114,114,1.1,-0.010000000000000002,0.9,338964.5752523004
115,115,1.1,0.0,0.9,313914.30452383205
116,116,1.1,0.009999999999999995,0.9,291139.2449548553
117,117,1.1,0.020000000000000004,0.9,270387.9634712644
118,118,1.1,0.03,0.9,251440.58195981046
119,119,1.1,0.04,0.9,234104.4239702968
120,120,1.1,0.05,0.9,218210.30952528454
0,0,0.9,-0.05,0.95,536219.2645472636
1,1,0.9,-0.04,0.95,493722.67243334115
2,2,0.9,-0.03,0.95,455472.19560593565
3,3,0.9,-0.020000000000000004,0.95,420962.86581666244
4,4,0.9,-0.010000000000000002,0.95,389757.1071879975
5,5,0.9,0.0,0.95,361474.92048957205
6,6,0.9,0.009999999999999995,0.95,335785.6029006085
7,7,0.9,0.020000000000000004,0.95,312400.7479440339
8,8,0.9,0.03,0.95,291068.31507343217
9,9,0.9,0.04,0.95,271567.59494161105
10,10,0.9,0.05,0.95,253704.9262660938
11,11,0.92,-0.05,0.95,527731.0467599835
12,12,0.92,-0.04,0.95,485889.1515544921
13,13,0.92,-0.03,0.95,448222.97631095385
14,14,0.92,-0.020000000000000004,0.95,414236.3070489144
15,15,0.92,-0.010000000000000002,0.95,383499.11833770096
16,16,0.92,0.0,0.95,355637.93668981164
17,17,0.92,0.009999999999999995,0.95,330327.71097157954
18,18,0.92,0.020000000000000004,0.95,307284.93930885877
19,19,0.92,0.03,0.95,286261.8459120668
20,20,0.92,0.04,0.95,267041.43710103905
21,21,0.92,0.05,0.95,249433.2951322831
22,22,0.94,-0.05,0.95,519246.7202638486
23,23,0.94,-0.04,0.95,478059.1163192867
24,24,0.94,-0.03,0.95,440976.8858423675
25,25,0.94,-0.020000000000000004,0.95,407512.56263199326
26,26,0.94,-0.010000000000000002,0.95,377243.66614834673
27,27,0.94,0.0,0.95,349803.2438801381
28,28,0.94,0.009999999999999995,0.95,324871.8922835732
29,29,0.94,0.020000000000000004,0.95,302171.0105590167
30,30,0.94,0.03,0.95,281457.0846295617
31,31,0.94,0.04,0.95,262516.8338509578
32,32,0.94,0.05,0.95,245163.08174053172
33,33,0.96,-0.05,0.95,510766.2829180074
34,34,0.96,-0.04,0.95,470232.56483438064
35,35,0.96,-0.03,0.95,433733.922522771
36,36,0.96,-0.020000000000000004,0.95,400791.6310772207
37,37,0.96,-0.010000000000000002,0.95,370990.7492964884
38,38,0.96,0.0,0.95,343970.84088201204
39,39,0.96,0.009999999999999995,0.95,319418.1457853466
40,40,0.96,0.020000000000000004,0.95,297058.96075527463
41,41,0.96,0.03,0.95,276654.030385403
42,42,0.96,0.04,0.95,257993.78443799762
43,43,0.96,0.05,0.95,240894.28541451733
44,44,0.98,-0.05,0.95,502289.7325828682
45,45,0.98,-0.04,0.95,462409.4952075357
46,46,0.98,-0.03,0.95,426494.0846757312
47,47,0.98,-0.020000000000000004,0.95,394073.51089677576
48,48,0.98,-0.010000000000000002,0.95,364740.3664594367
49,49,0.98,0.0,0.95,338140.72651756404
50,50,0.98,0.009999999999999995,0.95,313966.47042624955
51,51,0.98,0.020000000000000004,0.95,291948.7889589248
52,52,0.98,0.03,0.95,271852.6823395433
53,53,0.98,0.04,0.95,253472.28810920357
54,54,0.98,0.05,0.95,236626.9054782876
55,55,1.0,-0.05,0.95,493817.0671200982
56,56,1.0,-0.04,0.95,454589.9055476206
57,57,1.0,-0.03,0.95,419257.3706257888
58,58,1.0,-0.020000000000000004,0.95,387358.20060369634
59,59,1.0,-0.010000000000000002,0.95,358492.51631525945
60,60,1.0,0.0,0.95,332312.8996095938
61,61,1.0,0.009999999999999995,0.95,308516.86515622487
62,62,1.0,0.020000000000000004,0.95,286840.49423178536
63,63,1.0,0.03,0.95,267053.0396524016
64,64,1.0,0.04,0.95,248952.34411203547
65,65,1.0,0.05,0.95,232360.94125625922
66,66,1.02,-0.05,0.95,485348.2843926235
67,67,1.02,-0.04,0.95,446773.7939646088
68,68,1.02,-0.03,0.95,412023.7786984574
69,69,1.02,-0.020000000000000004,0.95,380645.69871187664
70,70,1.02,-0.010000000000000002,0.95,352247.19754278124
71,71,1.02,0.0,0.95,326487.35898157017
72,72,1.02,0.009999999999999995,0.95,303069.32892580715
73,73,1.02,0.020000000000000004,0.95,281734.07563619944
74,74,1.02,0.03,0.95,262255.10148486326
75,75,1.02,0.04,0.95,244433.9516943681
76,76,1.02,0.05,0.95,228096.39207321825
77,77,1.04,-0.05,0.95,476883.38226462755
78,78,1.04,-0.04,0.95,438961.158569579
79,79,1.04,-0.03,0.95,404793.3072202225
80,80,1.04,-0.020000000000000004,0.95,373936.0037360682
81,81,1.04,-0.010000000000000002,0.95,346004.40882158256
82,82,1.04,0.0,0.95,320664.1034576301
83,83,1.04,0.009999999999999995,0.95,297623.86068612285
84,84,1.04,0.020000000000000004,0.95,276629.5322350347
85,85,1.04,0.03,0.95,257458.86699827982
86,86,1.04,0.04,0.95,239917.11010449077
87,87,1.04,0.05,0.95,223833.25725431985
88,88,1.06,-0.05,0.95,468422.3586015511
89,89,1.06,-0.04,0.95,431151.997474714
90,90,1.06,-0.03,0.95,397565.95451854117
91,91,1.06,-0.020000000000000004,0.95,367229.1141918786
92,92,1.06,-0.010000000000000002,0.95,339764.1488320003
93,93,1.06,0.0,0.95,314843.13186257915
94,94,1.06,0.009999999999999995,0.95,292180.4593888903
95,95,1.06,0.020000000000000004,0.95,271526.86309168354
96,96,1.06,0.03,0.95,252664.3353544684
97,97,1.06,0.04,0.95,235401.81859110625
98,98,1.06,0.05,0.95,219571.53612508788
99,99,1.08,-0.05,0.95,459965.2112700906
100,100,1.08,-0.04,0.95,423346.3087933003
101,101,1.08,-0.03,0.95,390341.7189218417
102,102,1.08,-0.020000000000000004,0.95,360525.02859577094
103,103,1.08,-0.010000000000000002,0.95,333526.4162551262
104,104,1.08,0.0,0.95,309024.4430218901
105,105,1.08,0.009999999999999995,0.95,286739.123986419
106,106,1.08,0.020000000000000004,0.95,266426.0672700625
107,107,1.08,0.03,0.95,247871.5057157116
108,108,1.08,0.04,0.95,230888.07640333183
109,109,1.08,0.05,0.95,215311.2280114152
110,110,1.1,-0.05,0.95,451511.9381381985
111,111,1.1,-0.04,0.95,415544.090639727
112,112,1.1,-0.03,0.95,383120.5987595226
113,113,1.1,-0.020000000000000004,0.95,353823.74546506396
114,114,1.1,-0.010000000000000002,0.95,327291.20977280696
115,115,1.1,0.0,0.95,303208.03576170374
116,116,1.1,0.009999999999999995,0.95,281299.85343160876
117,117,1.1,0.020000000000000004,0.95,261327.14383461204
118,118,1.1,0.03,0.95,243080.37724475737
119,119,1.1,0.04,0.95,226375.88279069852
120,120,1.1,0.05,0.95,211052.33223956238
0,0,0.9,-0.05,1.0,517157.1267817356
1,1,0.9,-0.04,1.0,476405.22616473405
2,2,0.9,-0.03,1.0,439704.7071057773
3,3,0.9,-0.020000000000000004,1.0,406575.22115601273
4,4,0.9,-0.010000000000000002,1.0,376600.3966305436
5,5,0.9,0.0,1.0,349418.5338334534
6,6,0.9,0.009999999999999995,1.0,324714.754268553
7,7,0.9,0.020000000000000004,1.0,302214.36227520165
8,8,0.9,0.03,1.0,281677.21988277877
9,9,0.9,0.04,1.0,262892.9702373785
10,10,0.9,0.05,1.0,245676.9732189737
11,11,0.92,-0.05,1.0,508952.91315481096
12,12,0.92,-0.04,1.0,468827.56826846546
13,13,0.92,-0.03,1.0,432686.5017510324
14,14,0.92,-0.020000000000000004,1.0,400057.6901381269
15,15,0.92,-0.010000000000000002,1.0,370531.9437789514
16,16,0.92,0.0,1.0,343753.77192389045
17,17,0.92,0.009999999999999995,1.0,319413.67482366733
18,18,0.92,0.020000000000000004,1.0,297241.6258168789
19,19,0.92,0.03,1.0,277001.54793348664
20,20,0.92,0.04,1.0,258486.62344740692
21,21,0.92,0.05,1.0,241515.30254179926
22,22,0.94,-0.05,1.0,500752.4301590425
23,23,0.94,-0.04,1.0,461253.25348082423
24,24,0.94,-0.03,1.0,425671.2985375732
25,25,0.94,-0.020000000000000004,1.0,393542.86067131924
26,26,0.94,-0.010000000000000002,1.0,364465.9269744108
27,27,0.94,0.0,1.0,338091.2111035234
28,28,0.94,0.009999999999999995,1.0,314114.58815322607
29,29,0.94,0.020000000000000004,1.0,292270.6970995853
30,30,0.94,0.03,1.0,272327.5190722673
31,31,0.94,0.04,1.0,254081.77296530048
32,32,0.94,0.05,1.0,237354.9970933341
33,33,0.96,-0.05,1.0,492555.6757440208
34,34,0.96,-0.04,1.0,453682.2799880586
35,35,0.96,-0.03,1.0,418659.0958581554
36,36,0.96,-0.020000000000000004,1.0,387030.73132886016
37,37,0.96,-0.010000000000000002,1.0,358402.34494825796
38,38,0.96,0.0,1.0,332430.8502423354
39,39,0.96,0.009999999999999995,1.0,308817.4932490307
40,40,0.96,0.020000000000000004,1.0,287301.57522232964
41,41,0.96,0.03,1.0,267655.1324926322
42,42,0.96,0.04,1.0,249678.4180680081
43,43,0.96,0.05,1.0,233196.0562243112
44,44,0.98,-0.05,1.0,484362.647860545
45,45,0.98,-0.04,1.0,446114.64597747993
46,46,0.98,-0.03,1.0,411649.89210646943
47,47,0.98,-0.020000000000000004,1.0,380521.30068484216
48,48,0.98,-0.010000000000000002,1.0,352341.1964325567
49,49,0.98,0.0,1.0,326772.6882109529
50,50,0.98,0.009999999999999995,1.0,303522.38910345087
51,51,0.98,0.020000000000000004,1.0,282334.2592846244
52,52,0.98,0.03,1.0,262984.3873885406
53,53,0.98,0.04,1.0,245276.55803287734
54,54,0.98,0.05,1.0,229038.4792858182
55,55,1.0,-0.05,1.0,476173.3444606218
56,56,1.0,-0.04,1.0,438550.3496374605
57,57,1.0,-0.03,1.0,404643.685677139
58,58,1.0,-0.020000000000000004,1.0,374014.5673141822
59,59,1.0,-0.010000000000000002,1.0,346282.4801600969
60,60,1.0,0.0,1.0,321116.72388064483
61,61,1.0,0.009999999999999995,1.0,298229.2747094257
62,62,1.0,0.020000000000000004,1.0,277368.7483864876
63,63,1.0,0.03,1.0,258315.28295440052
64,64,1.0,0.04,1.0,240876.19213765435
65,65,1.0,0.05,1.0,224882.265629298
66,66,1.02,-0.05,1.0,467987.7634974654
67,67,1.02,-0.04,1.0,430989.3891574329
68,68,1.02,-0.03,1.0,397640.4749657214
69,69,1.02,-0.020000000000000004,1.0,367510.52979261905
70,70,1.02,-0.010000000000000002,1.0,340226.1948643952
71,71,1.02,0.0,1.0,315462.9561233217
72,72,1.02,0.009999999999999995,1.0,292938.1490604626
73,73,1.02,0.020000000000000004,1.0,272405.0416284405
74,74,1.02,0.03,1.0,253647.8183850671
75,75,1.02,0.04,1.0,236477.31966048328
76,76,1.02,0.05,1.0,220727.41460654774
77,77,1.04,-0.05,1.0,459805.90292549593
78,78,1.04,-0.04,1.0,423431.7627278893
79,79,1.04,-0.03,1.0,390640.2583687064
80,80,1.04,-0.020000000000000004,1.0,361009.1866967137
81,81,1.04,-0.010000000000000002,1.0,334172.3392796929
82,82,1.04,0.0,1.0,309811.38381153607
83,83,1.04,0.009999999999999995,1.0,287649.0111506373
84,84,1.04,0.020000000000000004,1.0,267443.138111509
85,85,1.04,0.03,1.0,248981.99287584325
86,86,1.04,0.04,1.0,232079.93987990628
87,87,1.04,0.05,1.0,216573.92556971934
88,88,1.06,-0.05,1.0,451627.7607003394
89,89,1.06,-0.04,1.0,415877.4685403821
90,90,1.06,-0.03,1.0,383643.0342835162
91,91,1.06,-0.020000000000000004,1.0,354510.5366038489
92,92,1.06,-0.010000000000000002,1.0,328120.91214095784
93,93,1.06,0.0,1.0,304162.0058184816
94,94,1.06,0.009999999999999995,1.0,282361.85997459304
95,95,1.06,0.020000000000000004,1.0,262483.03693722177
96,96,1.06,0.03,1.0,244317.80562247886
97,97,1.06,0.04,1.0,227684.0520748634
98,98,1.06,0.05,1.0,212421.7978713188
99,99,1.08,-0.05,1.0,443453.33477882686
100,100,1.08,-0.04,1.0,408326.5047875214
101,101,1.08,-0.03,1.0,376648.8011085046
102,102,1.08,-0.020000000000000004,1.0,348014.5780922283
103,103,1.08,-0.010000000000000002,1.0,322071.9121838821
104,104,1.08,0.0,1.0,298514.82101799303
105,105,1.08,0.009999999999999995,1.0,277076.6945275409
106,106,1.08,0.020000000000000004,1.0,257524.73720761135
107,107,1.08,0.03,1.0,239655.2558211711
108,108,1.08,0.04,1.0,223289.65552469192
109,109,1.08,0.05,1.0,208271.0308642062
110,110,1.1,-0.05,1.0,435282.62311899377
111,111,1.1,-0.04,1.0,400778.869662976
112,112,1.1,-0.03,1.0,369657.5572429565
113,113,1.1,-0.020000000000000004,1.0,341521.3097408765
114,114,1.1,-0.010000000000000002,1.0,316025.33814488235
115,115,1.1,0.0,1.0,292869.8282845452
116,116,1.1,0.009999999999999995,1.0,271793.51380525896
117,117,1.1,0.020000000000000004,1.0,252568.23802521316
118,118,1.1,0.03,1.0,234994.34266856345
119,119,1.1,0.04,1.0,218896.74950912676
120,120,1.1,0.05,1.0,204121.6239015956
0,0,0.9,-0.05,1.05,498805.1688750789
1,1,0.9,-0.04,1.05,459723.89864425344
2,2,0.9,-0.03,1.05,424508.11172090424
3,3,0.9,-0.020000000000000004,1.05,392700.9157989699
4,4,0.9,-0.010000000000000002,1.05,363906.1457051239
5,5,0.9,0.0,1.05,337779.54424162465
6,6,0.9,0.009999999999999995,1.05,314021.3196165862
7,7,0.9,0.020000000000000004,1.05,292369.85095431784
8,8,0.9,0.03,1.05,272596.35341676045
9,9,0.9,0.04,1.05,254500.34714142504
10,10,0.9,0.05,1.05,237905.80092715484
11,11,0.92,-0.05,1.05,490873.87306783575
12,12,0.92,-0.04,1.05,452392.2329747858
13,13,0.92,-0.03,1.05,417712.1153382915
14,14,0.92,-0.020000000000000004,1.05,386384.54373399314
15,15,0.92,-0.010000000000000002,1.05,358020.1838636907
16,16,0.92,0.0,1.05,332280.6854587025
17,17,0.92,0.009999999999999995,1.05,308871.37521717267
18,18,0.92,0.020000000000000004,1.05,287535.0765634355
19,19,0.92,0.03,1.05,268046.87129573803
20,20,0.92,0.04,1.05,250209.65024377077
21,21,0.92,0.05,1.05,233850.32627781684
22,22,0.94,-0.05,1.05,482946.1538270436
23,23,0.94,-0.04,1.05,445063.77369536593
24,24,0.94,-0.03,1.05,410918.99955004046
25,25,0.94,-0.020000000000000004,1.05,380070.7649668712
26,26,0.94,-0.010000000000000002,1.05,352136.56148494815
27,27,0.94,0.0,1.05,326783.94144111703
28,28,0.94,0.009999999999999995,1.05,303723.34630596644
29,29,0.94,0.020000000000000004,1.05,282702.04060129623
30,30,0.94,0.03,1.05,263498.96999768517
31,31,0.94,0.04,1.05,245920.39362721983
32,32,0.94,0.05,1.05,229796.16636168066
33,33,0.96,-0.05,1.05,475022.00918910594
34,34,0.96,-0.04,1.05,437738.51906865323
35,35,0.96,-0.03,1.05,404128.76281627384
36,36,0.96,-0.020000000000000004,1.05,373759.57813036273
37,37,0.96,-0.010000000000000002,1.05,346255.27735284896
38,38,0.96,0.0,1.05,321289.3111054624
39,39,0.96,0.009999999999999995,1.05,298577.2319161226
40,40,0.96,0.020000000000000004,1.05,277870.74220365443
41,41,0.96,0.03,1.05,258952.64874881363
42,42,0.96,0.04,1.05,241632.5765978641
43,43,0.96,0.05,1.05,225743.3205554889
44,44,0.98,-0.05,1.05,467101.43719158455
45,45,0.98,-0.04,1.05,430416.4673583264
46,46,0.98,-0.03,1.05,397341.4035980092
47,47,0.98,-0.020000000000000004,1.05,367450.98185801634
48,48,0.98,-0.010000000000000002,1.05,340376.33025204326
49,49,0.98,0.0,1.05,315796.7933689495
50,50,0.98,0.009999999999999995,1.05,293433.0310813423
51,51,0.98,0.020000000000000004,1.05,273041.18050674914
52,52,0.98,0.03,1.05,254407.90677576547
53,53,0.98,0.04,1.05,237346.19846217785
54,54,0.98,0.05,1.05,221691.788236325
55,55,1.0,-0.05,1.05,459184.4358732
56,56,1.0,-0.04,1.05,423097.61682908115
57,57,1.0,-0.03,1.05,390556.9203571611
58,58,1.0,-0.020000000000000004,1.05,361144.97478417016
59,59,1.0,-0.010000000000000002,1.05,334499.7189678785
60,60,1.0,0.0,1.05,310306.3871494057
61,61,1.0,0.009999999999999995,1.05,288290.742835873
62,62,1.0,0.020000000000000004,1.05,268213.3546473033
63,63,1.0,0.03,1.05,249864.74330561282
64,64,1.0,0.04,1.05,233061.25852701825
65,65,1.0,0.05,1.05,217641.56878161372
66,66,1.02,-0.05,1.05,451271.00327383046
67,67,1.02,-0.04,1.05,415781.96574663155
68,68,1.02,-0.03,1.05,383775.3115565393
69,69,1.02,-0.020000000000000004,1.05,354841.55554395186
70,70,1.02,-0.010000000000000002,1.05,328625.4422863992
71,71,1.02,0.0,1.05,304818.0913652748
72,72,1.02,0.009999999999999995,1.05,283150.3662145076
73,73,1.02,0.020000000000000004,1.05,263387.2637625244
74,74,1.02,0.03,1.05,245323.1575658577
75,75,1.02,0.04,1.05,228777.75609962488
76,76,1.02,0.05,1.05,213592.6615691199
77,77,1.04,-0.05,1.05,443361.1374345115
78,78,1.04,-0.04,1.05,408469.51237770787
79,79,1.04,-0.03,1.05,376996.575659848
80,80,1.04,-0.020000000000000004,1.05,348540.722773278
81,81,1.04,-0.010000000000000002,1.05,322753.49899434583
82,82,1.04,0.0,1.05,299331.9049356162
83,83,1.04,0.009999999999999995,1.05,278011.9002525844
84,84,1.04,0.020000000000000004,1.05,258562.9069901032
85,85,1.04,0.03,1.05,240783.14878443198
86,86,1.04,0.04,1.05,224495.69048761934
87,87,1.04,0.05,1.05,209545.06597694897
88,88,1.06,-0.05,1.05,435454.8363974345
89,89,1.06,-0.04,1.05,401160.2549900559
90,90,1.06,-0.03,1.05,370220.71113168576
91,91,1.06,-0.020000000000000004,1.05,342242.4751088529
92,92,1.06,-0.010000000000000002,1.05,316883.88787915517
93,93,1.06,0.0,1.05,293847.8267801048
94,94,1.06,0.009999999999999995,1.05,272875.34398598684
95,95,1.06,0.020000000000000004,1.05,253740.2834682139
96,96,1.06,0.03,1.05,236244.71618969657
97,97,1.06,0.04,1.05,220215.0609990052
98,98,1.06,0.05,1.05,205498.78138354668
99,99,1.08,-0.05,1.05,427552.09820594726
100,100,1.08,-0.04,1.05,393854.19185243774
101,101,1.08,-0.03,1.05,363447.7164375449
102,102,1.08,-0.020000000000000004,1.05,335946.8111881694
103,103,1.08,-0.010000000000000002,1.05,311016.60772895976
104,104,1.08,0.0,1.05,288365.8558190305
105,105,1.08,0.009999999999999995,1.05,267740.69645114307
106,106,1.08,0.020000000000000004,1.05,248919.39233551399
107,107,1.08,0.03,1.05,231707.85901044184
108,108,1.08,0.04,1.05,215935.86694216792
109,109,1.08,0.05,1.05,201453.80716769863
110,110,1.1,-0.05,1.05,419652.9209045514
111,111,1.1,-0.04,1.05,386551.3212346299
112,112,1.1,-0.03,1.05,356677.59004381124
113,113,1.1,-0.020000000000000004,1.05,329653.72964950715
114,114,1.1,-0.010000000000000002,1.05,305151.6573325868
115,115,1.1,0.0,1.05,282885.9909732981
116,116,1.1,0.009999999999999995,1.05,262607.9566850256
117,117,1.1,0.020000000000000004,1.05,244100.2327311437
118,118,1.1,0.03,1.05,227172.57647588692
119,119,1.1,0.04,1.05,211658.10762587414
120,120,1.1,0.05,1.05,197410.14270853065
0,0,0.9,-0.05,1.2,447738.1876897817
1,1,0.9,-0.05,1.25,431959.95865597075
2,2,0.9,-0.04,1.2,413254.91232538107
3,3,0.9,-0.04,1.25,398880.9308479506
4,4,0.9,-0.03,1.2,382128.64569830336
5,5,0.9,-0.03,1.25,369004.64082739037
6,6,0.9,-0.020000000000000004,1.2,353966.3958545331
7,7,0.9,-0.020000000000000004,1.25,341957.4012151733
8,8,0.9,-0.010000000000000002,1.2,328427.0701381121
9,9,0.9,-0.010000000000000002,1.25,317414.7650044556
10,10,0.9,0.0,1.2,305213.9724922683
11,11,0.9,0.0,1.25,295094.41849557194
12,12,0.9,0.009999999999999995,1.2,284068.4678664177
13,13,0.9,0.009999999999999995,1.25,274750.1784891325
14,14,0.9,0.020000000000000004,1.2,264764.62050597684
15,15,0.9,0.020000000000000004,1.25,256166.91108573586
16,16,0.9,0.03,1.2,247104.6466868065
17,17,0.9,0.03,1.25,239156.2213540757
18,18,0.9,0.04,1.2,230915.0500377691
19,19,0.9,0.04,1.25,223552.78918640234
20,20,0.9,0.05,1.2,216043.3301640588
21,21,0.9,0.05,1.25,209211.24798494027
22,22,0.92,-0.05,1.2,440563.44153584755
23,23,0.92,-0.05,1.25,425018.0170748953
24,24,0.92,-0.04,1.2,406605.8129128824
25,25,0.92,-0.04,1.25,392442.0825004035
26,26,0.92,-0.03,1.2,375949.8241712553
27,27,0.92,-0.03,1.25,363016.1224803987
28,28,0.92,-0.020000000000000004,1.2,348209.2842224971
29,29,0.92,-0.020000000000000004,1.25,336372.9135103436
30,30,0.92,-0.010000000000000002,1.2,323048.9738364484
31,31,0.92,-0.010000000000000002,1.25,312193.5925242347
32,32,0.92,0.0,1.2,300177.28010839014
33,33,0.92,0.0,1.25,290200.67980447906
34,34,0.92,0.009999999999999995,1.2,279339.9763300937
35,35,0.92,0.009999999999999995,1.25,270152.1856054779
36,36,0.92,0.020000000000000004,1.2,260314.9576818054
37,37,0.92,0.020000000000000004,1.25,251836.62128268255
38,38,0.92,0.03,1.2,242907.77630399304
39,39,0.92,0.03,1.25,235068.76702429808
40,40,0.92,0.04,1.2,226947.8463653498
41,41,0.92,0.04,1.25,219686.0738445661
42,42,0.92,0.05,1.2,212285.21188476612
43,43,0.92,0.05,1.25,205545.59841751395
44,44,0.94,-0.05,1.2,433391.84677821945
45,45,0.94,-0.05,1.25,418079.0967054204
46,46,0.94,-0.04,1.2,399959.54239561147
47,47,0.94,-0.04,1.25,386005.94739835046
48,48,0.94,-0.03,1.2,369773.54745836224
49,49,0.94,-0.03,1.25,357030.046020612
50,50,0.94,-0.020000000000000004,1.2,342454.46667329856
51,51,0.94,-0.020000000000000004,1.25,330790.6281181593
52,52,0.94,-0.010000000000000002,1.2,317672.9498909454
53,53,0.94,-0.010000000000000002,1.25,306974.41043095087
54,54,0.94,0.0,1.2,295142.4636276919
55,55,0.94,0.0,1.25,285308.7436724165
56,56,0.94,0.009999999999999995,1.2,274613.186307944
57,57,0.94,0.009999999999999995,1.25,265555.82849524263
58,58,0.94,0.020000000000000004,1.2,255866.84128026012
59,59,0.94,0.020000000000000004,1.25,247507.81887565675
60,60,0.94,0.03,1.2,238712.3141607845
61,61,0.94,0.03,1.25,230982.66784638946
62,62,0.94,0.04,1.2,222981.92759139847
63,63,0.94,0.04,1.25,215820.5955752332
64,64,0.94,0.05,1.2,208528.26821364716
65,65,0.94,0.05,1.25,201881.08030175828
66,66,0.96,-0.05,1.2,426223.4016932958
67,67,0.96,-0.05,1.25,411143.1958975504
68,68,0.96,-0.04,1.2,393316.0992475307
69,69,0.96,-0.04,1.25,379572.5240805799
70,70,0.96,-0.03,1.2,363599.8142060925
71,71,0.96,-0.03,1.25,351046.41015168803
72,72,0.96,-0.020000000000000004,1.2,336701.94200430263
73,73,0.96,-0.020000000000000004,1.25,325210.54388651834
74,74,0.96,-0.010000000000000002,1.2,312298.9972311905
75,75,0.96,-0.010000000000000002,1.25,301757.2176989148
76,76,0.96,0.0,1.2,290109.52209582017
77,77,0.96,0.0,1.25,280418.60918467486
78,78,0.96,0.009999999999999995,1.2,269888.0969476587
79,79,0.96,0.009999999999999995,1.25,260961.1063413128
80,80,0.96,0.020000000000000004,1.2,251420.27053890136
81,81,0.96,0.020000000000000004,1.25,243180.50313351388
82,82,0.96,0.03,1.2,234518.25957401915
83,83,0.96,0.03,1.25,226897.923165056
84,84,0.96,0.04,1.2,219017.29310280056
85,85,0.96,0.04,1.25,211956.35379014237
86,86,0.96,0.05,1.2,204772.4985995766
87,87,0.96,0.05,1.25,198217.69310874527
88,88,0.98,-0.05,1.2,419058.1045584965
89,89,0.98,-0.05,1.25,404210.3130022705
90,90,0.98,-0.04,1.2,386675.48194349924
91,91,0.98,-0.04,1.25,373141.8110867415
92,92,0.98,-0.03,1.2,357428.62306170596
93,93,0.98,-0.03,1.25,345065.21357804234
94,94,0.98,-0.020000000000000004,1.2,330951.70901357057
95,95,0.98,-0.020000000000000004,1.25,319632.659663987
96,96,0.98,-0.010000000000000002,1.2,306927.11478738673
97,97,0.98,-0.010000000000000002,1.25,296542.0133030283
98,98,0.98,0.0,1.2,285078.45455896616
99,99,0.98,0.0,1.25,275530.27542706736
100,100,0.98,0.009999999999999995,1.2,265164.7073974106
101,101,0.98,0.009999999999999995,1.25,256368.01832703804
102,102,0.98,0.020000000000000004,1.2,246975.24469571715
103,103,0.98,0.020000000000000004,1.25,238854.67332551978
104,104,0.98,0.03,1.2,230325.6118609155
105,105,0.98,0.03,1.25,222814.53232536942
106,106,0.98,0.04,1.2,215053.9422867801
107,107,0.98,0.04,1.25,208093.34790135745
108,108,0.98,0.05,1.2,201017.90249173148
109,109,0.98,0.05,1.25,194555.43630983646
110,110,1.0,-0.05,1.2,411895.9536522632
111,111,1.0,-0.05,1.25,397280.44637154456
112,112,1.0,-0.04,1.2,380037.6889592756
113,113,1.0,-0.04,1.25,366713.80695734534
114,114,1.0,-0.03,1.2,351259.97267325263
115,115,1.0,-0.03,1.25,339086.4550048487
116,116,1.0,-0.020000000000000004,1.2,325203.7664998625
117,117,1.0,-0.020000000000000004,1.25,314056.97429979994
118,118,1.0,-0.010000000000000002,1.2,301557.30149035336
119,119,1.0,-0.010000000000000002,1.25,291328.79621878284
120,120,1.0,0.0,1.2,280049.2600638659
121,121,1.0,0.0,1.25,270643.74148593
122,122,1.0,0.009999999999999995,1.2,260443.01680585498
123,123,1.0,0.009999999999999995,1.25,251776.56363623077
124,124,1.0,0.020000000000000004,1.2,242531.76298912425
125,125,1.0,0.020000000000000004,1.25,234530.32872135192
126,126,1.0,0.03,1.2,226134.3703390729
127,127,1.0,0.03,1.25,218732.49467276648
128,128,1.0,0.04,1.2,211091.8745309
129,129,1.0,0.04,1.25,204231.5773212674
130,130,1.0,0.05,1.2,197264.4793395905
131,131,1.0,0.05,1.25,190894.3093766831
132,132,1.02,-0.05,1.2,404736.94725405815
133,133,1.02,-0.05,1.25,390353.594358314
134,134,1.02,-0.04,1.2,373402.7187715139
135,135,1.02,-0.04,1.25,360288.51023376174
136,136,1.02,-0.03,1.2,345093.8616895724
137,137,1.02,-0.03,1.25,333110.13313803804
138,138,1.02,-0.020000000000000004,1.2,319458.1132626335
139,139,1.02,-0.020000000000000004,1.25,308483.4866438601
140,140,1.02,-0.010000000000000002,1.2,296189.55627152463
141,141,1.02,-0.010000000000000002,1.25,286117.5654222605
142,142,1.02,0.0,1.2,275021.9376577997
143,143,1.02,0.0,1.25,265759.00644812
144,144,1.02,0.009999999999999995,1.2,255723.0243221296
145,145,1.02,0.009999999999999995,1.25,247186.74145316624
146,146,1.02,0.020000000000000004,1.2,238089.82465796702
147,147,1.02,0.020000000000000004,1.25,230207.46859109768
148,148,1.02,0.03,1.2,221944.53432647066
149,149,1.02,0.03,1.25,214651.80955304895
150,150,1.02,0.04,1.2,207131.08922306114
151,151,1.02,0.04,1.25,200371.0414625856
152,152,1.02,0.05,1.2,193512.2285929336
153,153,1.02,0.05,1.25,187234.31178122602
154,154,1.04,-0.05,1.2,397581.0836443628
155,155,1.04,-0.05,1.25,383429.755316499
156,156,1.04,-0.04,1.2,366770.56985776545
157,157,1.04,-0.04,1.25,353865.9194582205
158,158,1.04,-0.03,1.2,338930.28876029426
159,159,1.04,-0.03,1.25,327136.2466842982
160,160,1.04,-0.020000000000000004,1.2,313714.7481020356
161,161,1.04,-0.020000000000000004,1.25,302912.1955467378
162,162,1.04,-0.010000000000000002,1.2,290823.8780629492
163,163,1.04,-0.010000000000000002,1.25,280908.3198901333
164,164,1.04,0.0,1.2,269996.4863885916
165,165,1.04,0.0,1.25,260876.0694010174
166,166,1.04,0.009999999999999995,1.2,251004.7290958539
167,167,1.04,0.009999999999999995,1.25,242598.5509625819
168,168,1.04,0.020000000000000004,1.2,233649.4289415173
169,169,1.04,0.020000000000000004,1.25,225886.09220525503
170,170,1.04,0.03,1.2,217756.10314146828
171,171,1.04,0.03,1.25,210572.47631238317
172,172,1.04,0.04,1.2,203171.58575150286
173,173,1.04,0.04,1.25,196511.73973835068
174,174,1.04,0.05,1.2,189761.14970184237
175,175,1.04,0.05,1.25,183575.4429956952
176,176,1.06,-0.05,1.2,390428.3611046788
177,177,1.06,-0.05,1.25,376508.92760099616
178,178,1.06,-0.04,1.2,360141.240696478
179,179,1.06,-0.04,1.25,347446.0331738107
180,180,1.06,-0.03,1.2,332769.2525358367
181,181,1.06,-0.03,1.25,321164.7943510736
182,182,1.06,-0.020000000000000004,1.2,307973.6698189164
183,183,1.06,-0.020000000000000004,1.25,297343.0998596708
184,184,1.06,-0.010000000000000002,1.2,285460.26579729136
185,185,1.06,-0.010000000000000002,1.25,275701.05859966256
186,186,1.06,0.0,1.2,264972.9053046095
187,187,1.06,0.0,1.25,255994.9294325232
188,188,1.06,0.009999999999999995,1.2,246288.1302771291
189,189,1.06,0.009999999999999995,1.25,238011.99134967718
190,190,1.06,0.020000000000000004,1.2,229210.5750794748
191,191,1.06,0.020000000000000004,1.25,221566.19883473206
192,192,1.06,0.03,1.2,213569.0761028049
193,193,1.06,0.03,1.25,206494.49429729988
194,194,1.06,0.04,1.2,199213.36350480237
195,195,1.06,0.04,1.25,192653.6715619249
196,196,1.06,0.05,1.2,186011.2421166996
197,197,1.06,0.05,1.25,179917.70249260977
198,198,1.08,-0.05,1.2,383278.777917526
199,199,1.08,-0.05,1.25,369591.109567679
200,200,1.08,-0.04,1.2,353514.7297669941
201,201,1.08,-0.04,1.25,341028.84992447967
202,202,1.08,-0.03,1.2,326610.7516674064
203,203,1.08,-0.03,1.25,315195.7748465645
204,204,1.08,-0.020000000000000004,1.2,302234.8772148189
205,205,1.08,-0.020000000000000004,1.25,291776.1984345635
206,206,1.08,-0.010000000000000002,1.2,280098.7184078284
207,207,1.08,-0.010000000000000002,1.25,270495.78052869823
208,208,1.08,0.0,1.2,259951.1934547647
209,209,1.08,0.0,1.25,251115.5856310597
210,210,1.08,0.009999999999999995,1.2,241573.2270165378
211,211,1.08,0.009999999999999995,1.25,233427.06180011365
212,212,1.08,0.020000000000000004,1.2,224773.26231196566
213,213,1.08,0.020000000000000004,1.25,217247.78775084665
214,214,1.08,0.03,1.2,209383.45252959934
215,215,1.08,0.03,1.25,202417.86285469442
216,216,1.08,0.04,1.2,195256.4218718746
217,217,1.08,0.04,1.25,188796.83634699503
218,218,1.08,0.05,1.2,182262.50528818872
219,219,1.08,0.05,1.25,176261.08974477788
220,220,1.1,-0.05,1.2,376132.33236644283
221,221,1.1,-0.05,1.25,362676.29957339703
222,222,1.1,-0.04,1.2,346891.0355495521
223,223,1.1,-0.04,1.25,334614.36825503287
224,224,1.1,-0.03,1.2,320454.7848069981
225,225,1.1,-0.03,1.25,309229.18687972706
226,226,1.1,-0.020000000000000004,1.2,296498.36909198103
227,227,1.1,-0.020000000000000004,1.25,286211.4901239869
228,228,1.1,-0.010000000000000002,1.2,274739.2348284524
229,229,1.1,-0.010000000000000002,1.25,265292.48465567967
230,230,1.1,0.0,1.2,254931.3498885113
231,231,1.1,0.0,1.25,246238.03708556987
232,232,1.1,0.009999999999999995,1.2,236860.01846514372
233,233,1.1,0.009999999999999995,1.25,228843.76150001434
234,234,1.1,0.020000000000000004,1.2,220337.48987954366
235,235,1.1,0.020000000000000004,1.25,212930.85822532608
236,236,1.1,0.03,1.2,205199.23174134953
237,237,1.1,0.03,1.25,198342.58133182567
238,238,1.1,0.04,1.2,191300.76024197208
239,239,1.1,0.04,1.25,184941.23350757203
240,240,1.1,0.05,1.2,178514.93866729445
241,241,1.1,0.05,1.25,172605.6042252966
0,0,0.9,-0.05,0.85,576590.67925658
1,1,0.9,-0.04,0.85,530369.425869316
2,2,0.9,-0.03,0.85,488811.8951960215
3,3,0.9,-0.020000000000000004,0.85,451360.16673863784
4,4,0.9,-0.010000000000000002,0.85,417531.0738168177
5,5,0.9,0.0,0.85,386905.2849431186
6,6,0.9,0.009999999999999995,0.85,359118.0968132839
7,7,0.9,0.020000000000000004,0.85,333851.65384626354
8,8,0.9,0.03,0.85,310828.35928920767
9,9,0.9,0.04,0.85,289805.2837524002
10,10,0.9,0.05,0.85,270569.41043551144
11,11,0.92,-0.05,0.85,567499.3464646238
12,12,0.92,-0.04,0.85,521992.9338319896
13,13,0.92,-0.03,0.85,481072.7874998328
14,14,0.92,-0.020000000000000004,0.85,444190.6641337078
15,15,0.92,-0.010000000000000002,0.85,410871.7393144717
16,16,0.92,0.0,0.85,380703.8879846492
17,17,0.92,0.009999999999999995,0.85,353328.64481504995
18,18,0.92,0.020000000000000004,0.85,328433.5647687577
19,19,0.92,0.03,0.85,305745.7532726247
20,20,0.92,0.04,0.85,285026.3754845669
21,21,0.92,0.05,0.85,266065.98691173265
22,22,0.94,-0.05,0.85,558412.2471576787
23,23,0.94,-0.04,0.85,513620.23091309617
24,24,0.94,-0.03,0.85,473337.0782551671
25,25,0.94,-0.020000000000000004,0.85,437024.21585895604
26,26,0.94,-0.010000000000000002,0.85,404215.1554425732
27,27,0.94,0.0,0.85,374504.97312626115
28,28,0.94,0.009999999999999995,0.85,347541.4370427229
29,29,0.94,0.020000000000000004,0.85,323017.5088138446
30,30,0.94,0.03,0.85,300664.99269521213
31,31,0.94,0.04,0.85,280249.1454970617
32,32,0.94,0.05,0.85,261564.09252795952
33,33,0.96,-0.05,0.85,549329.3790025525
34,34,0.96,-0.04,0.85,505251.3150500574
35,35,0.96,-0.03,0.85,465604.76563547115
36,36,0.96,-0.020000000000000004,0.85,429860.82029404666
37,37,0.96,-0.010000000000000002,0.85,397561.32076127245
38,38,0.96,0.0,0.85,368308.539086339
39,39,0.96,0.009999999999999995,0.85,341756.4723536435
40,40,0.96,0.020000000000000004,0.85,317603.4849610927
41,41,0.96,0.03,0.85,295586.0766442265
42,42,0.96,0.04,0.85,275473.5929721692
43,43,0.96,0.05,0.85,257063.7265504656
44,44,0.98,-0.05,0.85,540250.7396674214
45,45,0.98,-0.04,0.85,496886.1841814977
46,46,0.98,-0.03,0.85,457875.84781524923
47,47,0.98,-0.020000000000000004,0.85,422700.4758195758
48,48,0.98,-0.010000000000000002,0.85,390910.23383154155
49,49,0.98,0.0,0.85,362114.5845839926
50,50,0.98,0.009999999999999995,0.85,335973.7496057949
51,51,0.98,0.020000000000000004,0.85,312191.49219064054
52,52,0.98,0.03,0.85,290509.00420743023
53,53,0.98,0.04,0.85,270699.7170926243
54,54,0.98,0.05,0.85,252564.88824592475
55,55,1.0,-0.05,0.85,531176.3268218291
56,56,1.0,-0.04,0.85,488524.83624724206
57,57,1.0,-0.03,0.85,450150.32297006185
58,58,1.0,-0.020000000000000004,0.85,415543.1808170705
59,59,1.0,-0.010000000000000002,0.85,384261.8932151757
60,60,1.0,0.0,0.85,355923.1083390588
61,61,1.0,0.009999999999999995,0.85,330193.26765780314
62,62,1.0,0.020000000000000004,0.85,306781.52948319627
63,63,1.0,0.03,0.85,285433.7744730915
64,64,1.0,0.04,0.85,265927.5170416111
65,65,1.0,0.05,0.85,248067.57688141125
66,66,1.02,-0.05,0.85,522106.1381366876
67,67,1.02,-0.04,0.85,480167.269188317
68,68,1.02,-0.03,0.85,442428.1892765264
69,69,1.02,-0.020000000000000004,0.85,408388.9336689886
70,70,1.02,-0.010000000000000002,0.85,377616.2974747893
71,71,1.02,0.0,0.85,349734.1090721
72,72,1.02,0.009999999999999995,0.85,324415.0253689366
73,73,1.02,0.020000000000000004,0.85,301373.5958200377
74,74,1.02,0.03,0.85,280360.3865299838
75,75,1.02,0.04,0.85,261156.9920027633
76,76,1.02,0.05,0.85,243571.79172439946
77,77,1.04,-0.05,0.85,513040.1712842744
78,78,1.04,-0.04,0.85,471813.4809469486
79,79,1.04,-0.03,0.85,434709.444912316
80,80,1.04,-0.020000000000000004,0.85,401237.7327587177
81,81,1.04,-0.010000000000000002,0.85,370973.44517381897
82,82,1.04,0.0,0.85,343547.585504404
83,83,1.04,0.009999999999999995,0.85,318639.0215991058
84,84,1.04,0.020000000000000004,0.85,295967.69018301147
85,85,1.04,0.03,0.85,275288.8394673864
86,86,1.04,0.04,0.85,256388.14116016397
87,87,1.04,0.05,0.85,239077.53204276372
88,88,1.06,-0.05,0.85,503978.4239382331
89,89,1.06,-0.04,0.85,463463.46946656273
90,90,1.06,-0.03,0.85,426994.0880561581
91,91,1.06,-0.020000000000000004,0.85,394089.57647057564
92,92,1.06,-0.010000000000000002,0.85,364333.334876521
93,93,1.06,0.0,0.85,337363.53635798354
94,94,1.06,0.009999999999999995,0.85,312865.25520886306
95,95,1.06,0.020000000000000004,0.85,290563.8115545334
96,96,1.06,0.03,0.85,270219.132375083
97,97,1.06,0.04,0.85,251620.96369834468
98,98,1.06,0.05,0.85,234584.79710477786
99,99,1.08,-0.05,0.85,494920.8937735717
100,100,1.08,-0.04,0.85,455117.2326917839
101,101,1.08,-0.03,0.85,419282.1168878353
102,102,1.08,-0.020000000000000004,0.85,386944.4631898086
103,103,1.08,-0.010000000000000002,0.85,357695.9651479718
104,104,1.08,0.0,0.85,331181.96035557607
105,105,1.08,0.009999999999999995,0.85,307093.72505940177
106,106,1.08,0.020000000000000004,0.85,285161.95891758753
107,107,1.08,0.03,0.85,265151.2643433622
108,108,1.08,0.04,0.85,246855.458802286
109,109,1.08,0.05,0.85,230093.5861791151
110,110,1.1,-0.05,0.85,485867.57846666256
111,111,1.1,-0.04,0.85,446774.7685684339
112,112,1.1,-0.03,0.85,411573.5295881836
113,113,1.1,-0.020000000000000004,0.85,379802.3913025915
114,114,1.1,-0.010000000000000002,0.85,351061.3345540668
115,115,1.1,0.0,0.85,325002.85622064304
116,116,1.1,0.009999999999999995,0.85,301324.4300125565
117,117,1.1,0.020000000000000004,0.85,279762.1312557264
118,118,1.1,0.03,0.85,260085.2344630169
119,119,1.1,0.04,0.85,242091.6256574167
120,120,1.1,0.05,0.85,225603.898534848
